{"STOP": {"action": "STOP", "object_under_cross_hair": 0, "agent_state": {"position": [-10.76298713684082, 0.11627764254808426, -0.4362609386444092], "rotation": [0, 0.9563921689987183, 0, -0.292085736989975], "sensor_data": {"rgb": {"rotation": [-0.5735764503479004, 0, 0, 0.8191519975662231], "position": [0, 1.5, 0]}, "semantic": {"rotation": [-0.5735764503479004, 0, 0, 0.8191519975662231], "position": [0, 1.5, 0]}}}, "object_states": [{"object_id": 0, "translation": [-10.523334503173828, 0.5352206230163574, -0.0751245990395546], "rotation": [-0.006784448400139809, -0.0012825848534703255, 0.0034711952321231365, 0.9999701380729675], "motion_type": 2}, {"object_id": 1, "translation": [-10.588589668273926, 0.2055683732032776, -0.10208171606063843], "rotation": [-0.0067814006470143795, -0.005982565693557262, 0.003486576257273555, 0.999953031539917], "motion_type": 2}], "timestamp": "1616861091434"}, "NO_OP": {"action": "NO_OP", "object_under_cross_hair": 0, "agent_state": {"position": [-10.76298713684082, 0.11627764254808426, -0.4362609386444092], "rotation": [0, 0.9563921689987183, 0, -0.292085736989975], "sensor_data": {"rgb": {"rotation": [-0.5735764503479004, 0, 0, 0.8191519975662231], "position": [0, 1.5, 0]}, "semantic": {"rotation": [-0.5735764503479004, 0, 0, 0.8191519975662231], "position": [0, 1.5, 0]}}}, "object_states": [{"object_id": 0, "translation": [-10.523334503173828, 0.5352206230163574, -0.0751245990395546], "rotation": [-0.006784448400139809, -0.0012825848534703255, 0.0034711952321231365, 0.9999701380729675], "motion_type": 2}, {"object_id": 1, "translation": [-10.588589668273926, 0.2055683732032776, -0.10208171606063843], "rotation": [-0.0067814006470143795, -0.005982565693557262, 0.003486576257273555, 0.999953031539917], "motion_type": 2}], "timestamp": "1616861091434"}, "LOOK_DOWN": {"action": "LOOK_DOWN", "object_under_cross_hair": 1, "agent_state": {"position": [-10.76298713684082, 0.11627764254808426, -0.4362609386444092], "rotation": [0, 0.9563921689987183, 0, -0.292085736989975], "sensor_data": {"rgb": {"rotation": [-0.5735764503479004, 0, 0, 0.8191519975662231], "position": [0, 1.5, 0]}, "semantic": {"rotation": [-0.5735764503479004, 0, 0, 0.8191519975662231], "position": [0, 1.5, 0]}}}, "object_states": [{"object_id": 1, "translation": [-10.588578224182129, 0.20554547011852264, -0.1040000170469284], "rotation": [-0.006803060881793499, -0.003874995047226548, 0.0034490497782826424, 0.9999634027481079], "motion_type": 2}], "timestamp": "1616861088533", "collision": false, "nearest_object_id": 0}, "MOVE_FORWARD": {"action": "MOVE_FORWARD", "object_under_cross_hair": -1, "agent_state": {"position": [-10.76298713684082, 0.11627764254808426, -0.4362609386444092], "rotation": [0, 0.9563921689987183, 0, -0.292085736989975], "sensor_data": {"rgb": {"rotation": [-0.043619390577077866, 0, 0, 0.9990482330322266], "position": [0, 1.5, 0]}, "semantic": {"rotation": [-0.043619390577077866, 0, 0, 0.9990482330322266], "position": [0, 1.5, 0]}}}, "object_states": [{"object_id": 1, "translation": [-10.588578224182129, 0.20554547011852264, -0.1040000170469284], "rotation": [-0.006803060881793499, -0.003874995047226548, 0.0034490497782826424, 0.9999634027481079], "motion_type": 2}], "timestamp": "1616861087089", "collision": true, "nearest_object_id": 0}, "TURN_RIGHT": {"action": "TURN_RIGHT", "object_under_cross_hair": -1, "agent_state": {"position": [-10.827838897705078, 0.11627764254808426, -1.610496163368225], "rotation": [0, 0.9999593496322632, 0, 0.009025577455759048], "sensor_data": {"rgb": {"rotation": [-0.043619390577077866, 0, 0, 0.9990482330322266], "position": [0, 1.5, 0]}, "semantic": {"rotation": [-0.043619390577077866, 0, 0, 0.9990482330322266], "position": [0, 1.5, 0]}}}, "object_states": [{"object_id": 1, "translation": [-10.588578224182129, 0.20554547011852264, -0.1040000170469284], "rotation": [-0.006803060881793499, -0.003874995047226548, 0.0034490497782826424, 0.9999634027481079], "motion_type": 2}], "timestamp": "1616861084788", "collision": false, "nearest_object_id": 0}, "TURN_LEFT": {"action": "TURN_LEFT", "object_under_cross_hair": -1, "agent_state": {"position": [-10.84679126739502, 0.11627764254808426, -0.5606667399406433], "rotation": [0, 0.9563921689987183, 0, -0.292085736989975], "sensor_data": {"rgb": {"rotation": [-0.043619390577077866, 0, 0, 0.9990482330322266], "position": [0, 1.5, 0]}, "semantic": {"rotation": [-0.043619390577077866, 0, 0, 0.9990482330322266], "position": [0, 1.5, 0]}}}, "object_states": [{"object_id": 1, "translation": [-10.588578224182129, 0.20554547011852264, -0.1040000170469284], "rotation": [-0.006803060881793499, -0.003874995047226548, 0.0034490497782826424, 0.9999634027481079], "motion_type": 2}], "timestamp": "1616861086286", "collision": false, "nearest_object_id": 0}, "GRAB_RELEASE": {"action": "GRAB_RELEASE", "object_under_cross_hair": 1, "agent_state": {"position": [-10.76298713684082, 0.11627764254808426, -0.4362609386444092], "rotation": [0, 0.9563921689987183, 0, -0.292085736989975], "sensor_data": {"rgb": {"rotation": [-0.5735764503479004, 0, 0, 0.8191519975662231], "position": [0, 1.5, 0]}, "semantic": {"rotation": [-0.5735764503479004, 0, 0, 0.8191519975662231], "position": [0, 1.5, 0]}}}, "object_states": [{"object_id": 0, "translation": [-10.522083282470703, 0.6524977087974548, -0.07864898443222046], "rotation": [0, 0, 0, 1], "motion_type": 2}, {"object_id": 1, "translation": [-10.588578224182129, 0.20554663240909576, -0.10400015115737915], "rotation": [-0.00680328207090497, -0.0038749442901462317, 0.0034486697986721992, 0.9999634027481079], "motion_type": 2}], "timestamp": "1616861089289", "action_data": {"new_object_translation": [-10.522083282470703, 0.6699968576431274, -0.07864898443222046], "new_object_id": 0, "object_handle": "/data/objects/Sonny_School_Bus.object_config.json", "gripped_object_id": 0}, "is_grab_action": false, "is_release_action": true, "gripped_object_id": -1}, "LOOK_UP": {"action": "LOOK_UP", "object_under_cross_hair": -1, "agent_state": {"position": [-8.775653839111328, 0.11627764254808426, -4.754121780395508], "rotation": [0, 0.8242955207824707, 0, -0.5661598443984985], "sensor_data": {"rgb": {"rotation": [-0.043619390577077866, 0, 0, 0.9990482330322266], "position": [0, 1.5, 0]}, "semantic": {"rotation": [-0.043619390577077866, 0, 0, 0.9990482330322266], "position": [0, 1.5, 0]}}}, "object_states": [{"object_id": 1, "translation": [-10.588578224182129, 0.20554547011852264, -0.1040000170469284], "rotation": [-0.006803060881793499, -0.003874995047226548, 0.0034490497782826424, 0.9999634027481079], "motion_type": 2}], "timestamp": "1616861075586", "collision": false, "nearest_object_id": 0}}