{"epoch": 1, "top1": 43.38181686401367, "top5": 75.49090576171875}
{"epoch": 2, "top1": 45.21818161010742, "top5": 77.43636322021484}
{"epoch": 3, "top1": 45.9636344909668, "top5": 78.49090576171875}
{"epoch": 4, "top1": 45.45454406738281, "top5": 78.69091033935547}
{"epoch": 5, "top1": 47.07272720336914, "top5": 79.76363372802734}
{"epoch": 6, "top1": 46.78181838989258, "top5": 79.45454406738281}
{"epoch": 7, "top1": 48.23636245727539, "top5": 79.5999984741211}
{"epoch": 8, "top1": 47.509090423583984, "top5": 80.2727279663086}
{"epoch": 9, "top1": 48.01818084716797, "top5": 79.83636474609375}
{"epoch": 10, "top1": 48.12726974487305, "top5": 80.03636169433594}
{"epoch": 1, "top1": 42.727272033691406, "top5": 75.45454406738281}
{"epoch": 2, "top1": 45.763633728027344, "top5": 78.30908966064453}
{"epoch": 3, "top1": 46.909088134765625, "top5": 78.98181915283203}
{"epoch": 4, "top1": 47.10908889770508, "top5": 79.14545440673828}
{"epoch": 5, "top1": 46.818180084228516, "top5": 79.61817932128906}
{"epoch": 6, "top1": 47.78181838989258, "top5": 79.74545288085938}
{"epoch": 7, "top1": 47.745452880859375, "top5": 79.56363677978516}
{"epoch": 8, "top1": 47.70909118652344, "top5": 80.29090881347656}
{"epoch": 9, "top1": 47.890907287597656, "top5": 80.3818130493164}
{"epoch": 10, "top1": 48.19999694824219, "top5": 80.21817779541016}
{"epoch": 11, "top1": 48.509090423583984, "top5": 80.3272705078125}
{"epoch": 12, "top1": 48.3636360168457, "top5": 80.30908966064453}
{"epoch": 13, "top1": 49.16363525390625, "top5": 80.58181762695312}
{"epoch": 14, "top1": 48.47272491455078, "top5": 80.81817626953125}
{"epoch": 15, "top1": 49.38181686401367, "top5": 80.67272186279297}
{"epoch": 16, "top1": 49.19999694824219, "top5": 80.87272644042969}
{"epoch": 17, "top1": 49.672725677490234, "top5": 80.43636322021484}
{"epoch": 18, "top1": 48.30908966064453, "top5": 80.16363525390625}
{"epoch": 19, "top1": 49.27272415161133, "top5": 79.74545288085938}
{"epoch": 20, "top1": 48.436363220214844, "top5": 80.0545425415039}
{"epoch": 21, "top1": 49.599998474121094, "top5": 80.7272720336914}
{"epoch": 22, "top1": 48.909088134765625, "top5": 80.43636322021484}
{"epoch": 23, "top1": 48.9636344909668, "top5": 81.10908508300781}
{"epoch": 24, "top1": 48.763633728027344, "top5": 80.54545593261719}
{"epoch": 25, "top1": 49.38181686401367, "top5": 80.34545135498047}
{"epoch": 26, "top1": 48.909088134765625, "top5": 81.03636169433594}
{"epoch": 27, "top1": 49.745452880859375, "top5": 80.52726745605469}
{"epoch": 28, "top1": 49.14545440673828, "top5": 80.58181762695312}
{"epoch": 29, "top1": 49.836360931396484, "top5": 81.12727355957031}
{"epoch": 30, "top1": 49.38181686401367, "top5": 80.87272644042969}
{"epoch": 31, "top1": 49.0, "top5": 80.7272720336914}
{"epoch": 32, "top1": 48.745452880859375, "top5": 81.10908508300781}
{"epoch": 33, "top1": 48.345455169677734, "top5": 80.23635864257812}
{"epoch": 34, "top1": 47.92727279663086, "top5": 80.07272338867188}
{"epoch": 35, "top1": 48.727272033691406, "top5": 80.4000015258789}
{"epoch": 36, "top1": 49.14545440673828, "top5": 80.29090881347656}
{"epoch": 37, "top1": 48.6363639831543, "top5": 80.58181762695312}
{"epoch": 38, "top1": 49.6909065246582, "top5": 80.87272644042969}
{"epoch": 39, "top1": 48.654544830322266, "top5": 80.4000015258789}
{"epoch": 40, "top1": 49.16363525390625, "top5": 80.63636016845703}
{"epoch": 41, "top1": 48.6363639831543, "top5": 80.83636474609375}
{"epoch": 42, "top1": 49.3636360168457, "top5": 80.90908813476562}
{"epoch": 43, "top1": 48.78181838989258, "top5": 80.78181457519531}
{"epoch": 44, "top1": 49.12726974487305, "top5": 81.01818084716797}
{"epoch": 45, "top1": 48.52727127075195, "top5": 80.654541015625}
{"epoch": 46, "top1": 49.9636344909668, "top5": 81.34545135498047}
{"epoch": 47, "top1": 48.92727279663086, "top5": 80.29090881347656}
{"epoch": 48, "top1": 49.45454406738281, "top5": 80.67272186279297}
{"epoch": 49, "top1": 48.599998474121094, "top5": 80.654541015625}
{"epoch": 50, "top1": 49.14545440673828, "top5": 80.50908660888672}
{"epoch": 51, "top1": 48.45454406738281, "top5": 80.67272186279297}
{"epoch": 52, "top1": 48.94545364379883, "top5": 80.58181762695312}
{"epoch": 53, "top1": 49.52727127075195, "top5": 80.4000015258789}
{"epoch": 54, "top1": 48.92727279663086, "top5": 80.50908660888672}
{"epoch": 55, "top1": 48.490909576416016, "top5": 80.49090576171875}
{"epoch": 56, "top1": 48.9636344909668, "top5": 80.58181762695312}
{"epoch": 57, "top1": 48.6909065246582, "top5": 80.654541015625}
{"epoch": 58, "top1": 49.29090881347656, "top5": 80.98181915283203}
{"epoch": 59, "top1": 48.9636344909668, "top5": 80.74545288085938}
{"epoch": 60, "top1": 49.672725677490234, "top5": 80.23635864257812}
