{"epoch": 1, "top1": 50.29090881347656, "top5": 82.69091033935547}
{"epoch": 2, "top1": 51.70909118652344, "top5": 83.78181457519531}
{"epoch": 3, "top1": 51.9636344909668, "top5": 84.49090576171875}
{"epoch": 4, "top1": 53.563636779785156, "top5": 84.74545288085938}
{"epoch": 5, "top1": 53.34545135498047, "top5": 85.09090423583984}
{"epoch": 6, "top1": 52.6909065246582, "top5": 84.67272186279297}
{"epoch": 7, "top1": 53.672725677490234, "top5": 85.54545593261719}
{"epoch": 8, "top1": 53.16363525390625, "top5": 85.18181610107422}
{"epoch": 9, "top1": 53.87272644042969, "top5": 85.52726745605469}
{"epoch": 10, "top1": 54.14545440673828, "top5": 85.30908966064453}
{"epoch": 11, "top1": 53.94545364379883, "top5": 85.54545593261719}
{"epoch": 12, "top1": 54.6909065246582, "top5": 85.30908966064453}
{"epoch": 13, "top1": 54.27272415161133, "top5": 85.4000015258789}
{"epoch": 14, "top1": 54.436363220214844, "top5": 85.36363220214844}
{"epoch": 15, "top1": 55.39999771118164, "top5": 85.58181762695312}
{"epoch": 16, "top1": 54.10908889770508, "top5": 85.50908660888672}
{"epoch": 17, "top1": 54.70909118652344, "top5": 86.09090423583984}
{"epoch": 18, "top1": 54.10908889770508, "top5": 85.78181457519531}
{"epoch": 19, "top1": 54.23636245727539, "top5": 85.94544982910156}
{"epoch": 20, "top1": 54.39999771118164, "top5": 85.81817626953125}
{"epoch": 21, "top1": 53.6909065246582, "top5": 85.36363220214844}
{"epoch": 22, "top1": 54.92727279663086, "top5": 86.09090423583984}
{"epoch": 23, "top1": 55.054542541503906, "top5": 85.79999542236328}
{"epoch": 24, "top1": 54.19999694824219, "top5": 85.7272720336914}
{"epoch": 25, "top1": 54.6909065246582, "top5": 85.74545288085938}
{"epoch": 26, "top1": 54.581817626953125, "top5": 86.01818084716797}
{"epoch": 27, "top1": 55.12726974487305, "top5": 86.19999694824219}
{"epoch": 28, "top1": 54.16363525390625, "top5": 85.4000015258789}
{"epoch": 29, "top1": 53.890907287597656, "top5": 85.52726745605469}
{"epoch": 30, "top1": 54.490909576416016, "top5": 85.36363220214844}
{"epoch": 31, "top1": 54.6909065246582, "top5": 85.63636016845703}
{"epoch": 32, "top1": 54.29090881347656, "top5": 85.79999542236328}
{"epoch": 33, "top1": 54.52727127075195, "top5": 85.5999984741211}
{"epoch": 34, "top1": 54.38181686401367, "top5": 85.7272720336914}
{"epoch": 35, "top1": 54.54545211791992, "top5": 85.61817932128906}
{"epoch": 36, "top1": 55.03636169433594, "top5": 86.16363525390625}
{"epoch": 37, "top1": 54.09090805053711, "top5": 85.79999542236328}
{"epoch": 38, "top1": 54.6363639831543, "top5": 85.70909118652344}
{"epoch": 39, "top1": 54.23636245727539, "top5": 85.49090576171875}
{"epoch": 40, "top1": 54.909088134765625, "top5": 85.89090728759766}
{"epoch": 41, "top1": 53.6363639831543, "top5": 85.94544982910156}
{"epoch": 42, "top1": 55.19999694824219, "top5": 86.21817779541016}
{"epoch": 43, "top1": 54.39999771118164, "top5": 85.45454406738281}
{"epoch": 44, "top1": 54.654544830322266, "top5": 85.70909118652344}
{"epoch": 45, "top1": 54.54545211791992, "top5": 86.09090423583984}
{"epoch": 46, "top1": 53.818180084228516, "top5": 85.76363372802734}
{"epoch": 47, "top1": 53.654544830322266, "top5": 86.23635864257812}
{"epoch": 48, "top1": 54.890907287597656, "top5": 85.58181762695312}
{"epoch": 49, "top1": 54.52727127075195, "top5": 85.21817779541016}
{"epoch": 50, "top1": 54.509090423583984, "top5": 85.78181457519531}
{"epoch": 51, "top1": 54.599998474121094, "top5": 85.29090881347656}
{"epoch": 52, "top1": 54.39999771118164, "top5": 85.30908966064453}
{"epoch": 53, "top1": 53.599998474121094, "top5": 85.7272720336914}
{"epoch": 54, "top1": 54.78181838989258, "top5": 85.34545135498047}
{"epoch": 55, "top1": 54.563636779785156, "top5": 85.58181762695312}
{"epoch": 56, "top1": 54.47272491455078, "top5": 86.0}
{"epoch": 57, "top1": 54.727272033691406, "top5": 86.12727355957031}
{"epoch": 58, "top1": 54.38181686401367, "top5": 85.87272644042969}
{"epoch": 59, "top1": 54.39999771118164, "top5": 85.36363220214844}
{"epoch": 60, "top1": 54.745452880859375, "top5": 85.654541015625}
