{"epoch": 1, "top1": 37.23636245727539, "top5": 70.19999694824219}
{"epoch": 2, "top1": 39.54545211791992, "top5": 72.54545593261719}
{"epoch": 3, "top1": 40.509090423583984, "top5": 73.89090728759766}
{"epoch": 4, "top1": 41.30908966064453, "top5": 74.58181762695312}
{"epoch": 5, "top1": 41.581817626953125, "top5": 74.43636322021484}
{"epoch": 6, "top1": 41.654544830322266, "top5": 75.14545440673828}
{"epoch": 7, "top1": 41.909088134765625, "top5": 75.30908966064453}
{"epoch": 8, "top1": 42.47272491455078, "top5": 75.03636169433594}
{"epoch": 9, "top1": 42.490909576416016, "top5": 75.4000015258789}
{"epoch": 10, "top1": 42.509090423583984, "top5": 75.14545440673828}
{"epoch": 11, "top1": 42.6363639831543, "top5": 75.81817626953125}
{"epoch": 12, "top1": 42.3636360168457, "top5": 76.0}
{"epoch": 13, "top1": 42.909088134765625, "top5": 76.0545425415039}
{"epoch": 14, "top1": 43.14545440673828, "top5": 75.47272491455078}
{"epoch": 15, "top1": 42.92727279663086, "top5": 75.74545288085938}
{"epoch": 16, "top1": 42.836360931396484, "top5": 76.03636169433594}
{"epoch": 17, "top1": 42.6909065246582, "top5": 76.43636322021484}
{"epoch": 18, "top1": 42.345455169677734, "top5": 75.78181457519531}
{"epoch": 19, "top1": 42.836360931396484, "top5": 76.21817779541016}
{"epoch": 20, "top1": 42.70909118652344, "top5": 76.58181762695312}
{"epoch": 21, "top1": 42.909088134765625, "top5": 75.83636474609375}
{"epoch": 22, "top1": 42.54545211791992, "top5": 76.4000015258789}
{"epoch": 23, "top1": 43.01818084716797, "top5": 76.21817779541016}
{"epoch": 24, "top1": 42.981815338134766, "top5": 76.54545593261719}
{"epoch": 25, "top1": 43.23636245727539, "top5": 76.21817779541016}
{"epoch": 26, "top1": 43.14545440673828, "top5": 76.23635864257812}
{"epoch": 27, "top1": 42.672725677490234, "top5": 75.70909118652344}
{"epoch": 28, "top1": 42.45454406738281, "top5": 76.70909118652344}
{"epoch": 29, "top1": 42.818180084228516, "top5": 76.19999694824219}
{"epoch": 30, "top1": 43.39999771118164, "top5": 76.19999694824219}
{"epoch": 31, "top1": 42.490909576416016, "top5": 76.34545135498047}
{"epoch": 32, "top1": 43.14545440673828, "top5": 76.01818084716797}
{"epoch": 33, "top1": 43.54545211791992, "top5": 76.49090576171875}
{"epoch": 34, "top1": 42.79999923706055, "top5": 76.23635864257812}
{"epoch": 35, "top1": 43.07272720336914, "top5": 75.654541015625}
{"epoch": 36, "top1": 43.0, "top5": 76.41818237304688}
{"epoch": 37, "top1": 42.94545364379883, "top5": 76.12727355957031}
{"epoch": 38, "top1": 43.38181686401367, "top5": 76.16363525390625}
{"epoch": 39, "top1": 43.054542541503906, "top5": 75.94544982910156}
{"epoch": 40, "top1": 42.672725677490234, "top5": 76.12727355957031}
{"epoch": 41, "top1": 43.09090805053711, "top5": 75.90908813476562}
{"epoch": 42, "top1": 42.54545211791992, "top5": 75.81817626953125}
{"epoch": 43, "top1": 42.9636344909668, "top5": 76.14545440673828}
{"epoch": 44, "top1": 42.981815338134766, "top5": 75.85454559326172}
{"epoch": 45, "top1": 42.85454559326172, "top5": 76.2727279663086}
{"epoch": 46, "top1": 43.25454330444336, "top5": 76.16363525390625}
{"epoch": 47, "top1": 42.9636344909668, "top5": 76.29090881347656}
{"epoch": 48, "top1": 42.6363639831543, "top5": 75.9272689819336}
{"epoch": 49, "top1": 42.654544830322266, "top5": 75.96363067626953}
{"epoch": 50, "top1": 43.14545440673828, "top5": 76.2727279663086}
{"epoch": 51, "top1": 42.78181838989258, "top5": 76.18181610107422}
{"epoch": 52, "top1": 43.18181610107422, "top5": 76.30908966064453}
{"epoch": 53, "top1": 42.745452880859375, "top5": 75.98181915283203}
{"epoch": 54, "top1": 42.836360931396484, "top5": 76.4000015258789}
{"epoch": 55, "top1": 43.03636169433594, "top5": 76.56363677978516}
{"epoch": 56, "top1": 42.818180084228516, "top5": 76.09090423583984}
{"epoch": 57, "top1": 43.14545440673828, "top5": 76.45454406738281}
{"epoch": 58, "top1": 43.01818084716797, "top5": 76.14545440673828}
{"epoch": 59, "top1": 42.52727127075195, "top5": 76.12727355957031}
{"epoch": 60, "top1": 43.20000076293945, "top5": 76.41818237304688}
{"epoch": 1, "top1": 18.10909080505371, "top5": 45.272727966308594}
{"epoch": 2, "top1": 20.363636016845703, "top5": 48.70909118652344}
{"epoch": 3, "top1": 21.945453643798828, "top5": 50.836360931396484}
{"epoch": 4, "top1": 22.836362838745117, "top5": 52.654544830322266}
{"epoch": 5, "top1": 23.618181228637695, "top5": 53.52727127075195}
{"epoch": 6, "top1": 24.563634872436523, "top5": 54.599998474121094}
{"epoch": 7, "top1": 24.96363639831543, "top5": 55.25454330444336}
{"epoch": 8, "top1": 25.472726821899414, "top5": 56.509090423583984}
{"epoch": 9, "top1": 25.89090919494629, "top5": 56.87272644042969}
{"epoch": 10, "top1": 26.254545211791992, "top5": 57.52727127075195}
{"epoch": 11, "top1": 27.03636360168457, "top5": 57.92727279663086}
{"epoch": 12, "top1": 27.472726821899414, "top5": 58.054542541503906}
{"epoch": 13, "top1": 27.09090805053711, "top5": 58.054542541503906}
{"epoch": 14, "top1": 27.436363220214844, "top5": 58.41817855834961}
{"epoch": 15, "top1": 27.745454788208008, "top5": 58.6363639831543}
{"epoch": 16, "top1": 27.618181228637695, "top5": 59.39999771118164}
{"epoch": 17, "top1": 28.636362075805664, "top5": 59.436363220214844}
{"epoch": 18, "top1": 28.563634872436523, "top5": 59.745452880859375}
{"epoch": 19, "top1": 28.945453643798828, "top5": 59.599998474121094}
{"epoch": 20, "top1": 28.85454559326172, "top5": 60.03636169433594}
{"epoch": 21, "top1": 29.19999885559082, "top5": 60.01818084716797}
{"epoch": 22, "top1": 29.327272415161133, "top5": 60.23636245727539}
{"epoch": 23, "top1": 29.3454532623291, "top5": 60.14545440673828}
{"epoch": 24, "top1": 29.581817626953125, "top5": 60.436363220214844}
{"epoch": 25, "top1": 29.799999237060547, "top5": 60.45454406738281}
{"epoch": 26, "top1": 29.945453643798828, "top5": 60.79999923706055}
{"epoch": 27, "top1": 29.92727279663086, "top5": 60.85454559326172}
{"epoch": 28, "top1": 30.10909080505371, "top5": 60.78181838989258}
{"epoch": 29, "top1": 30.3454532623291, "top5": 60.909088134765625}
{"epoch": 30, "top1": 30.14545440673828, "top5": 60.9636344909668}
{"epoch": 31, "top1": 30.418180465698242, "top5": 61.34545135498047}
{"epoch": 32, "top1": 30.418180465698242, "top5": 61.38181686401367}
{"epoch": 33, "top1": 30.399999618530273, "top5": 61.29090881347656}
{"epoch": 34, "top1": 30.672725677490234, "top5": 61.3636360168457}
{"epoch": 35, "top1": 30.381816864013672, "top5": 61.34545135498047}
{"epoch": 36, "top1": 30.490907669067383, "top5": 61.78181838989258}
{"epoch": 37, "top1": 30.399999618530273, "top5": 61.727272033691406}
{"epoch": 38, "top1": 30.781816482543945, "top5": 61.49090576171875}
{"epoch": 39, "top1": 30.96363639831543, "top5": 61.818180084228516}
{"epoch": 40, "top1": 31.07272720336914, "top5": 62.18181610107422}
{"epoch": 41, "top1": 30.690908432006836, "top5": 61.836360931396484}
{"epoch": 42, "top1": 31.12727165222168, "top5": 62.03636169433594}
{"epoch": 43, "top1": 31.3454532623291, "top5": 62.19999694824219}
{"epoch": 44, "top1": 30.96363639831543, "top5": 62.25454330444336}
{"epoch": 45, "top1": 31.12727165222168, "top5": 62.14545440673828}
{"epoch": 46, "top1": 31.30908966064453, "top5": 62.41817855834961}
{"epoch": 47, "top1": 31.381816864013672, "top5": 62.54545211791992}
{"epoch": 48, "top1": 31.3454532623291, "top5": 62.49090576171875}
{"epoch": 49, "top1": 31.581817626953125, "top5": 62.47272491455078}
{"epoch": 50, "top1": 31.23636245727539, "top5": 62.61817932128906}
{"epoch": 51, "top1": 31.490907669067383, "top5": 62.47272491455078}
{"epoch": 52, "top1": 31.254545211791992, "top5": 62.56363296508789}
{"epoch": 53, "top1": 31.454544067382812, "top5": 62.599998474121094}
{"epoch": 54, "top1": 31.454544067382812, "top5": 62.54545211791992}
{"epoch": 55, "top1": 31.636362075805664, "top5": 62.63636016845703}
{"epoch": 56, "top1": 31.745452880859375, "top5": 62.47272491455078}
{"epoch": 57, "top1": 31.545454025268555, "top5": 62.818180084228516}
{"epoch": 58,