{"epoch": 1, "top1": 47.981815338134766, "top5": 80.61817932128906}
{"epoch": 2, "top1": 50.09090805053711, "top5": 82.14545440673828}
{"epoch": 3, "top1": 50.981815338134766, "top5": 82.78181457519531}
{"epoch": 1, "top1": 48.47272491455078, "top5": 80.7272720336914}
{"epoch": 2, "top1": 49.818180084228516, "top5": 82.12727355957031}
{"epoch": 3, "top1": 51.12726974487305, "top5": 82.85454559326172}
{"epoch": 4, "top1": 50.909088134765625, "top5": 82.5999984741211}
{"epoch": 5, "top1": 51.03636169433594, "top5": 82.69091033935547}
{"epoch": 6, "top1": 51.03636169433594, "top5": 83.30908966064453}
{"epoch": 7, "top1": 51.52727127075195, "top5": 82.47272491455078}
{"epoch": 8, "top1": 51.509090423583984, "top5": 83.25454711914062}
{"epoch": 9, "top1": 51.0, "top5": 82.70909118652344}
{"epoch": 10, "top1": 50.836360931396484, "top5": 83.29090881347656}
{"epoch": 11, "top1": 51.09090805053711, "top5": 82.52726745605469}
{"epoch": 12, "top1": 51.581817626953125, "top5": 82.49090576171875}
{"epoch": 13, "top1": 50.94545364379883, "top5": 82.50908660888672}
{"epoch": 14, "top1": 51.87272644042969, "top5": 82.3272705078125}
{"epoch": 15, "top1": 51.70909118652344, "top5": 83.07272338867188}
{"epoch": 16, "top1": 50.727272033691406, "top5": 82.70909118652344}
{"epoch": 17, "top1": 51.61817932128906, "top5": 82.52726745605469}
{"epoch": 18, "top1": 51.599998474121094, "top5": 82.79999542236328}
{"epoch": 19, "top1": 51.490909576416016, "top5": 82.96363067626953}
{"epoch": 20, "top1": 51.563636779785156, "top5": 82.98181915283203}
{"epoch": 21, "top1": 51.054542541503906, "top5": 82.5999984741211}
{"epoch": 22, "top1": 51.654544830322266, "top5": 82.58181762695312}
{"epoch": 23, "top1": 51.6363639831543, "top5": 83.09090423583984}
{"epoch": 24, "top1": 51.890907287597656, "top5": 82.78181457519531}
{"epoch": 25, "top1": 51.436363220214844, "top5": 82.79999542236328}
{"epoch": 26, "top1": 51.563636779785156, "top5": 82.74545288085938}
{"epoch": 27, "top1": 51.16363525390625, "top5": 82.7272720336914}
{"epoch": 28, "top1": 51.30908966064453, "top5": 82.90908813476562}
{"epoch": 29, "top1": 51.30908966064453, "top5": 82.69091033935547}
{"epoch": 30, "top1": 51.79999923706055, "top5": 82.45454406738281}
{"epoch": 31, "top1": 51.581817626953125, "top5": 82.52726745605469}
{"epoch": 32, "top1": 51.34545135498047, "top5": 82.56363677978516}
{"epoch": 33, "top1": 51.581817626953125, "top5": 82.5999984741211}
{"epoch": 34, "top1": 51.07272720336914, "top5": 82.89090728759766}
{"epoch": 35, "top1": 52.03636169433594, "top5": 82.98181915283203}
{"epoch": 36, "top1": 51.21818161010742, "top5": 82.87272644042969}
{"epoch": 37, "top1": 51.01818084716797, "top5": 82.5999984741211}
{"epoch": 38, "top1": 51.27272415161133, "top5": 82.81817626953125}
{"epoch": 39, "top1": 51.39999771118164, "top5": 83.10908508300781}
{"epoch": 40, "top1": 50.85454559326172, "top5": 83.0}
{"epoch": 41, "top1": 51.38181686401367, "top5": 82.98181915283203}
{"epoch": 42, "top1": 51.581817626953125, "top5": 82.83636474609375}
{"epoch": 43, "top1": 51.563636779785156, "top5": 82.63636016845703}
{"epoch": 44, "top1": 51.0, "top5": 82.9272689819336}
{"epoch": 45, "top1": 51.85454559326172, "top5": 82.7272720336914}
{"epoch": 46, "top1": 51.85454559326172, "top5": 82.98181915283203}
{"epoch": 47, "top1": 50.94545364379883, "top5": 82.87272644042969}
{"epoch": 48, "top1": 51.14545440673828, "top5": 82.5999984741211}
{"epoch": 49, "top1": 51.54545211791992, "top5": 83.2727279663086}
{"epoch": 50, "top1": 50.890907287597656, "top5": 82.81817626953125}
{"epoch": 51, "top1": 51.09090805053711, "top5": 82.74545288085938}
{"epoch": 52, "top1": 51.10908889770508, "top5": 82.36363220214844}
{"epoch": 53, "top1": 51.45454406738281, "top5": 82.67272186279297}
{"epoch": 54, "top1": 51.436363220214844, "top5": 82.70909118652344}
{"epoch": 55, "top1": 49.9636344909668, "top5": 82.54545593261719}
{"epoch": 56, "top1": 51.16363525390625, "top5": 82.30908966064453}
{"epoch": 57, "top1": 50.61817932128906, "top5": 82.47272491455078}
{"epoch": 58, "top1": 51.727272033691406, "top5": 82.90908813476562}
{"epoch": 59, "top1": 51.70909118652344, "top5": 82.9272689819336}
{"epoch": 60, "top1": 50.909088134765625, "top5": 82.69091033935547}
