{"epoch": 1, "top1": 30.836362838745117, "top5": 63.07272720336914}
{"epoch": 2, "top1": 34.05454635620117, "top5": 66.34545135498047}
{"epoch": 3, "top1": 34.9636344909668, "top5": 68.0545425415039}
{"epoch": 4, "top1": 36.6909065246582, "top5": 68.79999542236328}
{"epoch": 5, "top1": 37.345455169677734, "top5": 69.09090423583984}
{"epoch": 6, "top1": 37.79999923706055, "top5": 69.90908813476562}
{"epoch": 7, "top1": 38.18181610107422, "top5": 70.34545135498047}
{"epoch": 8, "top1": 38.745452880859375, "top5": 70.74545288085938}
{"epoch": 9, "top1": 38.727272033691406, "top5": 70.49090576171875}
{"epoch": 10, "top1": 38.836360931396484, "top5": 71.18181610107422}
