{"epoch": 1, "top1": 37.418182373046875, "top5": 70.3818130493164}
{"epoch": 2, "top1": 39.79999923706055, "top5": 72.7272720336914}
{"epoch": 3, "top1": 40.79999923706055, "top5": 73.69091033935547}
{"epoch": 4, "top1": 41.29090881347656, "top5": 74.16363525390625}
{"epoch": 5, "top1": 41.52727127075195, "top5": 74.85454559326172}
{"epoch": 6, "top1": 41.745452880859375, "top5": 75.30908966064453}
{"epoch": 7, "top1": 42.3636360168457, "top5": 75.0}
{"epoch": 8, "top1": 42.23636245727539, "top5": 75.76363372802734}
{"epoch": 9, "top1": 42.672725677490234, "top5": 75.47272491455078}
{"epoch": 10, "top1": 42.345455169677734, "top5": 75.94544982910156}
{"epoch": 11, "top1": 41.79999923706055, "top5": 75.49090576171875}
{"epoch": 12, "top1": 42.599998474121094, "top5": 75.18181610107422}
{"epoch": 13, "top1": 42.654544830322266, "top5": 76.03636169433594}
{"epoch": 14, "top1": 42.3636360168457, "top5": 75.52726745605469}
{"epoch": 15, "top1": 42.436363220214844, "top5": 75.70909118652344}
{"epoch": 16, "top1": 42.79999923706055, "top5": 75.78181457519531}
{"epoch": 17, "top1": 42.581817626953125, "top5": 76.01818084716797}
{"epoch": 18, "top1": 42.18181610107422, "top5": 75.87272644042969}
{"epoch": 19, "top1": 42.745452880859375, "top5": 75.98181915283203}
{"epoch": 20, "top1": 43.563636779785156, "top5": 75.98181915283203}
{"epoch": 21, "top1": 42.836360931396484, "top5": 75.76363372802734}
{"epoch": 22, "top1": 42.6363639831543, "top5": 75.58181762695312}
{"epoch": 23, "top1": 43.09090805053711, "top5": 76.07272338867188}
{"epoch": 24, "top1": 43.0, "top5": 76.3818130493164}
{"epoch": 25, "top1": 42.47272491455078, "top5": 76.16363525390625}
{"epoch": 26, "top1": 43.25454330444336, "top5": 75.98181915283203}
{"epoch": 27, "top1": 42.92727279663086, "top5": 76.34545135498047}
{"epoch": 28, "top1": 43.14545440673828, "top5": 76.0545425415039}
{"epoch": 29, "top1": 42.818180084228516, "top5": 76.0}
{"epoch": 30, "top1": 43.03636169433594, "top5": 76.07272338867188}
{"epoch": 31, "top1": 43.21818161010742, "top5": 76.43636322021484}
{"epoch": 32, "top1": 43.18181610107422, "top5": 76.19999694824219}
{"epoch": 33, "top1": 43.054542541503906, "top5": 76.12727355957031}
{"epoch": 34, "top1": 42.87272644042969, "top5": 76.29090881347656}
{"epoch": 35, "top1": 43.12726974487305, "top5": 76.49090576171875}
{"epoch": 36, "top1": 42.85454559326172, "top5": 76.09090423583984}
{"epoch": 37, "top1": 42.727272033691406, "top5": 75.89090728759766}
{"epoch": 38, "top1": 42.78181838989258, "top5": 76.43636322021484}
{"epoch": 39, "top1": 42.6909065246582, "top5": 75.90908813476562}
{"epoch": 40, "top1": 43.03636169433594, "top5": 76.3272705078125}
{"epoch": 41, "top1": 42.6909065246582, "top5": 75.98181915283203}
{"epoch": 42, "top1": 42.981815338134766, "top5": 76.16363525390625}
{"epoch": 43, "top1": 42.54545211791992, "top5": 76.3272705078125}
{"epoch": 44, "top1": 43.21818161010742, "top5": 76.14545440673828}
{"epoch": 45, "top1": 42.94545364379883, "top5": 76.5999984741211}
{"epoch": 46, "top1": 43.18181610107422, "top5": 75.89090728759766}
{"epoch": 47, "top1": 42.87272644042969, "top5": 76.21817779541016}
{"epoch": 48, "top1": 42.672725677490234, "top5": 76.49090576171875}
{"epoch": 49, "top1": 43.47272491455078, "top5": 76.3272705078125}
{"epoch": 50, "top1": 42.85454559326172, "top5": 76.23635864257812}
{"epoch": 51, "top1": 42.79999923706055, "top5": 76.654541015625}
{"epoch": 52, "top1": 43.07272720336914, "top5": 76.61817932128906}
{"epoch": 53, "top1": 42.85454559326172, "top5": 76.2727279663086}
{"epoch": 54, "top1": 42.9636344909668, "top5": 76.16363525390625}
{"epoch": 55, "top1": 42.909088134765625, "top5": 76.34545135498047}
{"epoch": 56, "top1": 43.12726974487305, "top5": 76.0545425415039}
{"epoch": 57, "top1": 43.3272705078125, "top5": 75.96363067626953}
{"epoch": 58, "top1": 43.21818161010742, "top5": 76.58181762695312}
{"epoch": 59, "top1": 42.890907287597656, "top5": 76.3272705078125}
{"epoch": 60, "top1": 42.909088134765625, "top5": 76.0545425415039}
