{"epoch": 24, "top1": 46.745452880859375, "top5": 79.9272689819336}
{"epoch": 25, "top1": 47.745452880859375, "top5": 80.52726745605469}
{"epoch": 26, "top1": 48.01818084716797, "top5": 80.2727279663086}
{"epoch": 27, "top1": 48.14545440673828, "top5": 80.45454406738281}
{"epoch": 28, "top1": 47.85454559326172, "top5": 80.25454711914062}
{"epoch": 29, "top1": 47.6909065246582, "top5": 80.70909118652344}
{"epoch": 30, "top1": 48.745452880859375, "top5": 80.07272338867188}
{"epoch": 31, "top1": 48.01818084716797, "top5": 80.50908660888672}
{"epoch": 32, "top1": 48.581817626953125, "top5": 80.23635864257812}
{"epoch": 33, "top1": 48.07272720336914, "top5": 80.41818237304688}
{"epoch": 34, "top1": 49.30908966064453, "top5": 80.3272705078125}
{"epoch": 35, "top1": 48.6909065246582, "top5": 80.16363525390625}
{"epoch": 36, "top1": 47.79999923706055, "top5": 80.7272720336914}
{"epoch": 37, "top1": 48.581817626953125, "top5": 79.94544982910156}
{"epoch": 38, "top1": 47.745452880859375, "top5": 80.54545593261719}
{"epoch": 39, "top1": 48.38181686401367, "top5": 80.79999542236328}
{"epoch": 40, "top1": 48.01818084716797, "top5": 80.25454711914062}
{"epoch": 41, "top1": 48.3272705078125, "top5": 80.41818237304688}
{"epoch": 42, "top1": 49.19999694824219, "top5": 80.89090728759766}
{"epoch": 43, "top1": 48.581817626953125, "top5": 80.58181762695312}
{"epoch": 44, "top1": 47.61817932128906, "top5": 79.96363067626953}
{"epoch": 45, "top1": 47.836360931396484, "top5": 80.07272338867188}
{"epoch": 46, "top1": 47.87272644042969, "top5": 80.01818084716797}
{"epoch": 47, "top1": 47.6363639831543, "top5": 79.96363067626953}
{"epoch": 48, "top1": 48.38181686401367, "top5": 80.21817779541016}
{"epoch": 49, "top1": 47.599998474121094, "top5": 80.58181762695312}
{"epoch": 50, "top1": 48.763633728027344, "top5": 80.654541015625}
{"epoch": 51, "top1": 48.70909118652344, "top5": 80.58181762695312}
{"epoch": 52, "top1": 47.563636779785156, "top5": 80.54545593261719}
{"epoch": 53, "top1": 48.92727279663086, "top5": 80.3818130493164}
{"epoch": 54, "top1": 48.909088134765625, "top5": 80.94544982910156}
{"epoch": 55, "top1": 48.581817626953125, "top5": 80.12727355957031}
{"epoch": 56, "top1": 48.509090423583984, "top5": 79.83636474609375}
{"epoch": 57, "top1": 48.19999694824219, "top5": 79.98181915283203}
{"epoch": 58, "top1": 48.10908889770508, "top5": 80.63636016845703}
{"epoch": 59, "top1": 47.38181686401367, "top5": 80.09090423583984}
{"epoch": 60, "top1": 48.3272705078125, "top5": 80.25454711914062}
