{"epoch": 11, "top1": 48.03636169433594, "top5": 80.29090881347656}
{"epoch": 12, "top1": 48.79999923706055, "top5": 80.16363525390625}
{"epoch": 13, "top1": 49.25454330444336, "top5": 80.76363372802734}
{"epoch": 14, "top1": 48.0, "top5": 80.0545425415039}
{"epoch": 15, "top1": 48.78181838989258, "top5": 80.58181762695312}
{"epoch": 16, "top1": 48.25454330444336, "top5": 80.36363220214844}
{"epoch": 17, "top1": 47.87272644042969, "top5": 79.9272689819336}
{"epoch": 18, "top1": 49.0, "top5": 80.2727279663086}
{"epoch": 19, "top1": 49.14545440673828, "top5": 80.47272491455078}
{"epoch": 20, "top1": 49.70909118652344, "top5": 80.98181915283203}
{"epoch": 21, "top1": 48.9636344909668, "top5": 81.03636169433594}
{"epoch": 22, "top1": 48.16363525390625, "top5": 80.54545593261719}
{"epoch": 23, "top1": 48.94545364379883, "top5": 80.654541015625}
{"epoch": 24, "top1": 49.0, "top5": 80.54545593261719}
{"epoch": 25, "top1": 48.19999694824219, "top5": 80.23635864257812}
{"epoch": 26, "top1": 49.18181610107422, "top5": 80.94544982910156}
{"epoch": 27, "top1": 48.436363220214844, "top5": 80.34545135498047}
{"epoch": 28, "top1": 48.87272644042969, "top5": 80.43636322021484}
{"epoch": 29, "top1": 49.54545211791992, "top5": 80.4000015258789}
{"epoch": 30, "top1": 49.345455169677734, "top5": 80.81817626953125}
{"epoch": 31, "top1": 49.12726974487305, "top5": 80.14545440673828}
{"epoch": 32, "top1": 48.9636344909668, "top5": 80.34545135498047}
{"epoch": 33, "top1": 49.09090805053711, "top5": 80.90908813476562}
{"epoch": 34, "top1": 49.18181610107422, "top5": 80.45454406738281}
{"epoch": 35, "top1": 49.39999771118164, "top5": 80.5999984741211}
{"epoch": 36, "top1": 48.727272033691406, "top5": 80.43636322021484}
{"epoch": 37, "top1": 47.87272644042969, "top5": 80.36363220214844}
{"epoch": 38, "top1": 49.01818084716797, "top5": 80.56363677978516}
{"epoch": 39, "top1": 49.19999694824219, "top5": 80.9272689819336}
{"epoch": 40, "top1": 48.672725677490234, "top5": 80.7272720336914}
{"epoch": 41, "top1": 49.6909065246582, "top5": 80.63636016845703}
{"epoch": 42, "top1": 49.14545440673828, "top5": 80.78181457519531}
{"epoch": 43, "top1": 49.054542541503906, "top5": 80.74545288085938}
{"epoch": 44, "top1": 49.054542541503906, "top5": 80.83636474609375}
{"epoch": 45, "top1": 49.490909576416016, "top5": 80.49090576171875}
{"epoch": 46, "top1": 49.45454406738281, "top5": 80.89090728759766}
{"epoch": 47, "top1": 48.981815338134766, "top5": 80.78181457519531}
{"epoch": 48, "top1": 48.672725677490234, "top5": 80.34545135498047}
{"epoch": 49, "top1": 49.0, "top5": 80.9272689819336}
{"epoch": 50, "top1": 49.054542541503906, "top5": 81.52726745605469}
{"epoch": 51, "top1": 49.09090805053711, "top5": 80.45454406738281}
{"epoch": 52, "top1": 49.79999923706055, "top5": 81.07272338867188}
{"epoch": 53, "top1": 49.16363525390625, "top5": 80.98181915283203}
{"epoch": 54, "top1": 49.490909576416016, "top5": 80.76363372802734}
{"epoch": 55, "top1": 49.87272644042969, "top5": 81.07272338867188}
{"epoch": 56, "top1": 49.836360931396484, "top5": 80.7272720336914}
{"epoch": 57, "top1": 49.509090423583984, "top5": 80.654541015625}
{"epoch": 58, "top1": 48.27272415161133, "top5": 80.43636322021484}
{"epoch": 59, "top1": 48.563636779785156, "top5": 80.67272186279297}
{"epoch": 60, "top1": 49.01818084716797, "top5": 80.43636322021484}
