{"epoch": 1, "top1": 48.654544830322266, "top5": 81.03636169433594}
{"epoch": 1, "top1": 48.490909576416016, "top5": 80.56363677978516}
{"epoch": 2, "top1": 49.727272033691406, "top5": 82.16363525390625}
{"epoch": 3, "top1": 50.19999694824219, "top5": 82.0545425415039}
{"epoch": 4, "top1": 50.509090423583984, "top5": 82.67272186279297}
{"epoch": 5, "top1": 51.29090881347656, "top5": 82.36363220214844}
{"epoch": 6, "top1": 51.3636360168457, "top5": 82.81817626953125}
{"epoch": 7, "top1": 51.23636245727539, "top5": 82.74545288085938}
