{"epoch": 1, "top1": 42.3636360168457, "top5": 76.34545135498047}
{"epoch": 2, "top1": 45.12726974487305, "top5": 77.94544982910156}
{"epoch": 3, "top1": 46.09090805053711, "top5": 78.52726745605469}
{"epoch": 4, "top1": 46.3272705078125, "top5": 79.19999694824219}
{"epoch": 5, "top1": 46.745452880859375, "top5": 79.43636322021484}
{"epoch": 6, "top1": 46.87272644042969, "top5": 79.67272186279297}
{"epoch": 7, "top1": 45.9636344909668, "top5": 79.30908966064453}
{"epoch": 8, "top1": 46.78181838989258, "top5": 79.69091033935547}
{"epoch": 9, "top1": 46.87272644042969, "top5": 79.41818237304688}
{"epoch": 10, "top1": 48.30908966064453, "top5": 79.79999542236328}
{"epoch": 11, "top1": 47.10908889770508, "top5": 79.61817932128906}
{"epoch": 12, "top1": 47.18181610107422, "top5": 79.654541015625}
{"epoch": 13, "top1": 46.981815338134766, "top5": 79.87272644042969}
{"epoch": 14, "top1": 47.563636779785156, "top5": 80.30908966064453}
{"epoch": 15, "top1": 47.509090423583984, "top5": 79.85454559326172}
{"epoch": 16, "top1": 48.25454330444336, "top5": 80.03636169433594}
{"epoch": 17, "top1": 47.54545211791992, "top5": 79.54545593261719}
{"epoch": 18, "top1": 48.345455169677734, "top5": 80.03636169433594}
{"epoch": 19, "top1": 47.763633728027344, "top5": 80.0}
{"epoch": 20, "top1": 48.01818084716797, "top5": 79.90908813476562}
{"epoch": 21, "top1": 48.727272033691406, "top5": 80.58181762695312}
{"epoch": 22, "top1": 47.981815338134766, "top5": 80.3818130493164}
{"epoch": 23, "top1": 48.39999771118164, "top5": 80.85454559326172}
