{"epoch": 11, "top1": 40.20000076293945, "top5": 71.30908966064453}
{"epoch": 12, "top1": 39.836360931396484, "top5": 71.43636322021484}
{"epoch": 13, "top1": 40.3636360168457, "top5": 71.69091033935547}
{"epoch": 14, "top1": 39.9636344909668, "top5": 71.3272705078125}
{"epoch": 15, "top1": 40.509090423583984, "top5": 71.654541015625}
{"epoch": 16, "top1": 41.39999771118164, "top5": 72.49090576171875}
{"epoch": 17, "top1": 41.09090805053711, "top5": 72.52726745605469}
{"epoch": 18, "top1": 41.18181610107422, "top5": 72.7272720336914}
{"epoch": 19, "top1": 41.3636360168457, "top5": 72.87272644042969}
{"epoch": 20, "top1": 40.909088134765625, "top5": 72.41818237304688}
{"epoch": 21, "top1": 41.509090423583984, "top5": 72.96363830566406}
{"epoch": 22, "top1": 41.345455169677734, "top5": 72.78181457519531}
{"epoch": 23, "top1": 41.3272705078125, "top5": 72.50908660888672}
{"epoch": 24, "top1": 41.6363639831543, "top5": 72.94544982910156}
{"epoch": 25, "top1": 41.79999923706055, "top5": 72.58181762695312}
{"epoch": 26, "top1": 41.599998474121094, "top5": 72.7272720336914}
{"epoch": 27, "top1": 41.745452880859375, "top5": 72.7272720336914}
{"epoch": 28, "top1": 41.54545211791992, "top5": 72.74545288085938}
{"epoch": 29, "top1": 41.92727279663086, "top5": 73.0545425415039}
{"epoch": 30, "top1": 41.345455169677734, "top5": 73.34545135498047}
{"epoch": 31, "top1": 41.61817932128906, "top5": 72.70909118652344}
{"epoch": 32, "top1": 41.10908889770508, "top5": 73.10909271240234}
{"epoch": 33, "top1": 42.01818084716797, "top5": 73.52726745605469}
{"epoch": 34, "top1": 41.38181686401367, "top5": 73.30908966064453}
{"epoch": 35, "top1": 42.054542541503906, "top5": 73.16363525390625}
{"epoch": 36, "top1": 41.23636245727539, "top5": 73.5999984741211}
{"epoch": 37, "top1": 41.981815338134766, "top5": 73.29090881347656}
{"epoch": 38, "top1": 41.87272644042969, "top5": 73.85454559326172}
{"epoch": 39, "top1": 41.92727279663086, "top5": 73.56363677978516}
{"epoch": 40, "top1": 41.94545364379883, "top5": 73.4000015258789}
{"epoch": 41, "top1": 42.10908889770508, "top5": 73.3272705078125}
{"epoch": 42, "top1": 41.94545364379883, "top5": 73.34545135498047}
{"epoch": 43, "top1": 42.14545440673828, "top5": 73.654541015625}
{"epoch": 44, "top1": 41.92727279663086, "top5": 73.19999694824219}
{"epoch": 45, "top1": 41.836360931396484, "top5": 73.85454559326172}
{"epoch": 46, "top1": 42.01818084716797, "top5": 73.87272644042969}
{"epoch": 47, "top1": 42.18181610107422, "top5": 73.67272186279297}
{"epoch": 48, "top1": 42.054542541503906, "top5": 73.56363677978516}
{"epoch": 49, "top1": 42.436363220214844, "top5": 73.9272689819336}
{"epoch": 50, "top1": 42.25454330444336, "top5": 73.43636322021484}
{"epoch": 51, "top1": 41.6909065246582, "top5": 73.3272705078125}
{"epoch": 52, "top1": 42.20000076293945, "top5": 73.30908966064453}
{"epoch": 53, "top1": 42.23636245727539, "top5": 73.2727279663086}
{"epoch": 54, "top1": 42.3636360168457, "top5": 73.63636016845703}
{"epoch": 55, "top1": 42.25454330444336, "top5": 73.61817932128906}
{"epoch": 56, "top1": 42.3272705078125, "top5": 73.83636474609375}
{"epoch": 57, "top1": 42.981815338134766, "top5": 73.90908813476562}
{"epoch": 58, "top1": 41.763633728027344, "top5": 73.85454559326172}
{"epoch": 59, "top1": 42.10908889770508, "top5": 73.67272186279297}
{"epoch": 60, "top1": 42.07272720336914, "top5": 74.01818084716797}
