{"epoch": 1, "top1": 55.39999771118164, "top5": 85.69091033935547}
{"epoch": 2, "top1": 55.836360931396484, "top5": 86.10908508300781}
{"epoch": 3, "top1": 56.54545211791992, "top5": 87.23635864257812}
{"epoch": 4, "top1": 57.52727127075195, "top5": 86.85454559326172}
{"epoch": 5, "top1": 57.654544830322266, "top5": 87.3818130493164}
{"epoch": 6, "top1": 57.03636169433594, "top5": 87.3272705078125}
{"epoch": 7, "top1": 58.03636169433594, "top5": 87.50908660888672}
{"epoch": 8, "top1": 57.0, "top5": 87.49090576171875}
{"epoch": 9, "top1": 57.654544830322266, "top5": 87.29090881347656}
{"epoch": 10, "top1": 58.12726974487305, "top5": 88.0545425415039}
{"epoch": 11, "top1": 58.581817626953125, "top5": 88.2545394897461}
{"epoch": 12, "top1": 58.27272415161133, "top5": 88.19999694824219}
{"epoch": 13, "top1": 58.47272491455078, "top5": 88.30908966064453}
{"epoch": 14, "top1": 58.45454406738281, "top5": 88.2545394897461}
{"epoch": 15, "top1": 59.03636169433594, "top5": 88.45454406738281}
{"epoch": 16, "top1": 58.436363220214844, "top5": 87.96363067626953}
{"epoch": 17, "top1": 58.890907287597656, "top5": 88.47272491455078}
{"epoch": 18, "top1": 59.16363525390625, "top5": 88.10908508300781}
{"epoch": 19, "top1": 59.18181610107422, "top5": 88.54545593261719}
{"epoch": 20, "top1": 59.25454330444336, "top5": 88.30908966064453}
{"epoch": 21, "top1": 58.836360931396484, "top5": 88.0545425415039}
{"epoch": 22, "top1": 59.03636169433594, "top5": 88.7272720336914}
{"epoch": 23, "top1": 59.07272720336914, "top5": 88.4000015258789}
{"epoch": 24, "top1": 59.0, "top5": 88.23635864257812}
{"epoch": 25, "top1": 58.563636779785156, "top5": 87.69091033935547}
{"epoch": 26, "top1": 59.0, "top5": 88.47272491455078}
{"epoch": 27, "top1": 59.10908889770508, "top5": 88.41818237304688}
{"epoch": 28, "top1": 58.87272644042969, "top5": 88.23635864257812}
{"epoch": 29, "top1": 58.47272491455078, "top5": 88.21817779541016}
{"epoch": 30, "top1": 59.21818161010742, "top5": 88.43636322021484}
{"epoch": 31, "top1": 58.94545364379883, "top5": 88.16363525390625}
{"epoch": 32, "top1": 59.3272705078125, "top5": 88.654541015625}
{"epoch": 33, "top1": 59.34545135498047, "top5": 88.45454406738281}
{"epoch": 34, "top1": 59.07272720336914, "top5": 88.89090728759766}
{"epoch": 35, "top1": 58.85454559326172, "top5": 88.56363677978516}
{"epoch": 36, "top1": 58.70909118652344, "top5": 88.87272644042969}
{"epoch": 37, "top1": 59.38181686401367, "top5": 88.49090576171875}
{"epoch": 38, "top1": 59.47272491455078, "top5": 88.56363677978516}
{"epoch": 39, "top1": 58.836360931396484, "top5": 88.58181762695312}
{"epoch": 40, "top1": 58.78181838989258, "top5": 88.03636169433594}
{"epoch": 41, "top1": 58.818180084228516, "top5": 88.4000015258789}
{"epoch": 42, "top1": 59.19999694824219, "top5": 88.4000015258789}
{"epoch": 43, "top1": 59.01818084716797, "top5": 88.41818237304688}
{"epoch": 44, "top1": 58.70909118652344, "top5": 88.4000015258789}
{"epoch": 45, "top1": 59.45454406738281, "top5": 88.41818237304688}
{"epoch": 46, "top1": 58.890907287597656, "top5": 88.87272644042969}
{"epoch": 47, "top1": 59.29090881347656, "top5": 88.67272186279297}
{"epoch": 48, "top1": 58.3636360168457, "top5": 88.03636169433594}
{"epoch": 49, "top1": 59.34545135498047, "top5": 88.50908660888672}
{"epoch": 50, "top1": 59.054542541503906, "top5": 88.52726745605469}
{"epoch": 51, "top1": 59.07272720336914, "top5": 88.4000015258789}
{"epoch": 52, "top1": 58.54545211791992, "top5": 88.34545135498047}
{"epoch": 53, "top1": 59.18181610107422, "top5": 88.56363677978516}
{"epoch": 54, "top1": 58.672725677490234, "top5": 88.45454406738281}
{"epoch": 55, "top1": 58.818180084228516, "top5": 88.43636322021484}
{"epoch": 56, "top1": 59.07272720336914, "top5": 88.3818130493164}
{"epoch": 57, "top1": 59.19999694824219, "top5": 88.30908966064453}
{"epoch": 58, "top1": 59.09090805053711, "top5": 88.4000015258789}
{"epoch": 59, "top1": 59.29090881347656, "top5": 88.2727279663086}
{"epoch": 60, "top1": 58.672725677490234, "top5": 88.3818130493164}
