{"epoch": 1, "top1": 43.38181686401367, "top5": 75.49090576171875}
{"epoch": 2, "top1": 45.21818161010742, "top5": 77.43636322021484}
{"epoch": 3, "top1": 45.9636344909668, "top5": 78.49090576171875}
{"epoch": 4, "top1": 45.45454406738281, "top5": 78.69091033935547}
{"epoch": 5, "top1": 47.07272720336914, "top5": 79.76363372802734}
{"epoch": 6, "top1": 46.78181838989258, "top5": 79.45454406738281}
{"epoch": 7, "top1": 48.23636245727539, "top5": 79.5999984741211}
{"epoch": 8, "top1": 47.509090423583984, "top5": 80.2727279663086}
{"epoch": 9, "top1": 48.01818084716797, "top5": 79.83636474609375}
{"epoch": 10, "top1": 48.12726974487305, "top5": 80.03636169433594}
